,CLASS,f1,f2
51,1.0,3.222328861430538,3.384066660709934
